<?xml version="1.0" encoding="UTF-8"?>
<project-private xmlns="http://www.netbeans.org/ns/project-private/1">
    <editor-bookmarks xmlns="http://www.netbeans.org/ns/editor-bookmarks/2" lastBookmarkId="0"/>
    <open-files xmlns="http://www.netbeans.org/ns/projectui-open-files/2">
        <group>
            <file>file:/C:/Users/foapp/Downloads/Pharmacy%20Management%20System/src/AddMedicine.java</file>
            <file>file:/C:/Users/foapp/Downloads/Pharmacy%20Management%20System/src/ViewMedicine.java</file>
            <file>file:/C:/Users/foapp/Downloads/Pharmacy%20Management%20System/src/ViewBill.java</file>
            <file>file:/C:/Users/foapp/Downloads/Pharmacy%20Management%20System/src/PharmacyDashboard.java</file>
            <file>file:/C:/Users/foapp/Downloads/Pharmacy%20Management%20System/src/SellMedicine.java</file>
        </group>
    </open-files>
</project-private>
